session,core_notified_et,signal_line,market_regime,extension,distance_to_next_signal,allocation_state,gross_leverage,spy_weight,qqq_weight
2026-07-27,2026-07-27T18:10:04-04:00,Flagship · US Equity Indices,Risk-on,Elevated,Approaching,Fully invested,1.5×,50%,50%
2026-07-28,2026-07-28T18:10:11-04:00,Flagship · US Equity Indices,Risk-on,Elevated,Approaching,Fully invested,1.5×,50%,50%
2026-07-29,2026-07-29T18:10:06-04:00,Flagship · US Equity Indices,Risk-on,Not extended,Approaching,Fully invested,1.5×,50%,50%
2026-07-30,2026-07-30T18:10:08-04:00,Flagship · US Equity Indices,Risk-on,Elevated,Approaching,Fully invested,1.5×,50%,50%
2026-07-31,2026-07-31T18:10:07-04:00,Flagship · US Equity Indices,Risk-on,Elevated,Approaching,Fully invested,1.5×,50%,50%
2026-08-03,2026-08-03T18:10:07-04:00,Flagship · US Equity Indices,Risk-on,Elevated,Approaching,Fully invested,1.5×,50%,50%
2026-08-04,2026-08-04T18:10:05-04:00,Flagship · US Equity Indices,Risk-on,Stretched,Near,Fully invested,1.5×,50%,50%
2026-08-05,2026-08-05T18:10:14-04:00,Flagship · US Equity Indices,Risk-on,Stretched,Near,Fully invested,1.5×,50%,50%
2026-08-06,2026-08-06T18:10:06-04:00,Flagship · US Equity Indices,Risk-on,Stretched,Near,Fully invested,1.5×,50%,50%
2026-08-07,2026-08-07T18:10:09-04:00,Flagship · US Equity Indices,Risk-on,Stretched,Near,Fully invested,1.5×,50%,50%
2026-08-10,2026-08-10T18:10:08-04:00,Flagship · US Equity Indices,Risk-on,Stretched,Near,Fully invested,1.5×,50%,50%
2026-08-11,2026-08-11T18:10:09-04:00,Flagship · US Equity Indices,Risk-on,Stretched,Near,Fully invested,1.5×,50%,50%
2026-08-12,2026-08-12T18:10:04-04:00,Flagship · US Equity Indices,Risk-on,Stretched,Near,Fully invested,1.5×,50%,50%
2026-08-13,2026-08-13T18:10:08-04:00,Flagship · US Equity Indices,Risk-on,Stretched,Near,Fully invested,1.5×,50%,50%
2026-08-14,2026-08-14T18:10:04-04:00,Flagship · US Equity Indices,Risk-on,Stretched,Near,Fully invested,1.5×,50%,50%
2026-08-17,2026-08-17T18:10:04-04:00,Flagship · US Equity Indices,Risk-on,Stretched,Near,Fully invested,1.5×,50%,50%
2026-08-18,2026-08-18T18:10:11-04:00,Flagship · US Equity Indices,Risk-on,Stretched,Near,Fully invested,1.5×,50%,50%
2026-08-19,2026-08-19T18:10:05-04:00,Flagship · US Equity Indices,Risk-on,Stretched,Near,Fully invested,1.5×,50%,50%
2026-08-20,2026-08-20T18:10:08-04:00,Flagship · US Equity Indices,Risk-on,Elevated,Approaching,Fully invested,1.5×,50%,50%
2026-08-21,2026-08-21T18:10:05-04:00,Flagship · US Equity Indices,Risk-on,Elevated,Approaching,Fully invested,1.5×,50%,50%
2026-08-24,2026-08-24T18:10:04-04:00,Flagship · US Equity Indices,Risk-on,Elevated,Approaching,Fully invested,1.5×,50%,50%
2026-08-25,2026-08-25T18:10:09-04:00,Flagship · US Equity Indices,Risk-on,Elevated,Approaching,Fully invested,1.5×,50%,50%
2026-08-26,2026-08-26T18:10:05-04:00,Flagship · US Equity Indices,Risk-on,Elevated,Approaching,Fully invested,1.5×,50%,50%
2026-08-27,2026-08-27T18:10:14-04:00,Flagship · US Equity Indices,Risk-on,Stretched,Near,Fully invested,1.5×,50%,50%
2026-08-28,2026-08-28T18:10:08-04:00,Flagship · US Equity Indices,Risk-on,Elevated,Approaching,Fully invested,1.5×,50%,50%
